# Proxying Pluasible Analytics Script through Netlify to help avoid adblockers
# https://plausible.io/docs/proxy/guides/netlify
/js/script.outbound-links.js https://plausible.io/js/script.outbound-links.js 200
/api/event https://plausible.io/api/event 200

# redirect current released Software version to 'latest' for customers who always want versioned docs. Version-specific
/software/0.31/* /software/:splat

# redirect relative links for deprecated Software docs to archive page. Version-specific
/software/0.16/* https://github.com/astronomer/docs/tree/main/archived_software_docs/version-0.16/:splat.md 301
/software/0.23/* https://github.com/astronomer/docs/tree/main/archived_software_docs/version-0.23/:splat.md 301
/software/0.25/* https://github.com/astronomer/docs/tree/main/archived_software_docs/version-0.25/:splat.md 301
/software/0.26/* https://github.com/astronomer/docs/tree/main/archived_software_docs/version-0.26/:splat.md 301
/software/0.27/* https://github.com/astronomer/docs/tree/main/archived_software_docs/version-0.27/:splat.md 301
/software/0.28/* https://github.com/astronomer/docs/tree/main/archived_software_docs/version-0.28/:splat.md 301
/software/0.29/* https://github.com/astronomer/docs/tree/main/archived_software_docs/version-0.29/:splat.md 301
/software/*/ac-cve https://github.com/astronomer/docs/tree/main/archived_software_docs/astronomer-certified/ac-cve.md 301
/software/*/ac-support-policy https://github.com/astronomer/docs/tree/main/archived_software_docs/astronomer-certified/ac-support-policy.md 301
/software/*/image-architecture https://github.com/astronomer/docs/tree/main/archived_software_docs/astronomer-certified/image-architecture.md 301
/software/*/install-packages https://github.com/astronomer/docs/tree/main/archived_software_docs/astronomer-certified/install-packages.md 301
/software/*/single-node-install https://github.com/astronomer/docs/tree/main/archived_software_docs/astronomer-certified/single-node-install.md 301
/software/*/upgrade-ac https://github.com/astronomer/docs/tree/main/archived_software_docs/astronomer-certified/upgrade-ac.md 301



# redirect base cloud path to astro overview
/cloud /astro 301

# redirect old software overview to new url
/software/overview /software

# redirect to converged Runtime docs
/software/*/runtime-release-notes /astro/runtime-release-notes 301

# redirect renamed pages
/runtime-versioning /astro/runtime-version-lifecycle-policy 301
/astro/connect-external-services https://docs.astronomer.io/astro/category/connect-astro 301

# tutorial redirects 
/tutorials/get-started-with-airflow /learn/get-started-with-airflow 301
/tutorials/get-started-with-airflow-part-2 /learn/get-started-with-airflow-part-2 301
/tutorials/astro-python-sdk /learn/astro-python-sdk 301
/learn/category/tutorials /learn/category/airflow-tutorials 301


# CLI migration redirects 
/software/cli-reference /astro/cli/reference 301
/software/cli-release-notes /astro/cli/release-notes 301
/software/cli-reference* /astro/cli/reference 301
/software/install-cli /astro/cli/install-cli 301

# Docs with redundant Learn guides 
/astro/deferrable-operators /learn/deferrable-operators 301
/astro/astro-python-sdk /learn/astro-python-sdk-etl 301
/astro/data-lineage-concepts /learn/airflow-openlineage 301
/astro/kubepodoperator-local /learn/kubepod-operator 301
/software/deferrable-operators /learn/deferrable-operators 301
/software/data-lineage-concepts /learn/airflow-openlineage 301
/software/kubepodoperator-local /learn/kubepod-operator 301

# deprecated docs
/astro/known-limitations /astro 301
/astro/data-lineage-support-and-compatibility /astro/set-up-data-lineage 301

# redirect base domain cloud links to astro path
/add-user /astro/add-user 301
/airflow-alerts /astro/airflow-alerts 301
/airflow-api /astro/airflow-api 301
/ci-cd /astro/ci-cd 301
/cli-release-notes /astro/cli-release-notes 301
/configure-deployment /astro/configure-deployment 301
/create-cluster /astro/create-cluster 301
/create-project /astro/create-first-dag#step-1-create-an-astro-project 301
/data-protection /astro/data-protection 301
/deferrable-operators /astro/deferrable-operators 301
/deploy-code /astro/deploy-code 301
/deployment-metrics /astro/deployment-metrics 301
/develop-project /astro/develop-project 301
/disaster-recovery /astro/disaster-recovery 301
/environment-variables /astro/environment-variables 301
/install-aws /astro/install-aws 301

/known-limitations /astro/known-limitations 301
/modify-cluster /astro/modify-cluster 301
/platform-variables /astro/platform-variables 301
/release-notes /astro/release-notes 301
/resilience /astro/resilience 301
/resource-reference-aws /astro/resource-reference-aws 301
/runtime-release-notes /astro/runtime-release-notes 301
/runtime-version-lifecycle-policy /astro/runtime-version-lifecycle-policy 301
/shared-responsibility-model /astro/shared-responsibility-model 301
/test-and-troubleshoot-locally /astro/test-and-troubleshoot-locally 301
/upgrade-runtime /astro/upgrade-runtime 301

# redirect cloud paths to astro
/cloud/add-user /astro/add-user 301
/cloud/configure-idp /astro/configure-idp 301
/cloud/api-keys /astro/api-keys 301
/cloud/airflow-alerts /astro/airflow-alerts 301
/cloud/airflow-api /astro/airflow-api 301
/cloud/ci-cd /astro/ci-cd 301
/cloud/cli-reference /astro/cli-reference 301
/cloud/cli-release-notes /astro/cli-release-notes 301
/cloud/configure-deployment /astro/configure-deployment 301
/cloud/create-cluster /astro/create-cluster 301
/cloud/create-project /astro/create-first-dag#step-1-create-an-astro-project 301
/cloud/data-protection /astro/data-protection 301
/cloud/deferrable-operators /astro/deferrable-operators 301
/cloud/deploy-code /astro/deploy-code 301
/cloud/deployment-metrics /astro/deployment-metrics 301
/cloud/develop-project /astro/develop-project 301
/cloud/disaster-recovery /astro/disaster-recovery 301
/cloud/environment-variables /astro/environment-variables 301
/cloud/install-aws /astro/install-aws 301
/cloud/install-cli /astro/install-cli 301
/cloud/known-limitations /astro/known-limitations 301
/cloud/modify-cluster /astro/modify-cluster 301
/cloud/platform-variables /astro/platform-variables 301
/cloud/release-notes /astro/release-notes 301
/cloud/resilience /astro/resilience 301
/cloud/resource-reference-aws /astro/resource-reference-aws 301
/cloud/runtime-release-notes /astro/runtime-release-notes 301
/cloud/runtime-version-lifecycle-policy /astro/runtime-version-lifecycle-policy 301
/cloud/scheduler-logs /astro/scheduler-logs 301
/cloud/secrets-backend /astro/secrets-backend 301
/cloud/secrets-management /astro/secrets-management 301
/cloud/security /astro/security 301
/cloud/shared-responsibility-model /astro/shared-responsibility-model 301
/cloud/test-and-troubleshoot-locally /astro/test-and-troubleshoot-locally 301
/cloud/upgrade-runtime /astro/upgrade-runtime 301
/cloud/cli-reference/astrocloud-auth-login /astro/cli-reference/astrocloud-auth-login 301
/cloud/cli-reference/astrocloud-auth-logout /astro/cli-reference/astrocloud-auth-logout 301
/cloud/cli-reference/astrocloud-completion /astro/cli-reference/astrocloud-completion 301
/cloud/cli-reference/astrocloud-deploy /astro/cli-reference/astrocloud-deploy 301
/cloud/cli-reference/astrocloud-deployment-list /astro/cli-reference/astrocloud-deployment-list 301
/cloud/cli-reference/astrocloud-dev-init /astro/cli-reference/astrocloud-dev-init 301
/cloud/cli-reference/astrocloud-dev-kill /astro/cli-reference/astrocloud-dev-kill 301
/cloud/cli-reference/astrocloud-dev-logs /astro/cli-reference/astrocloud-dev-logs 301
/cloud/cli-reference/astrocloud-dev-run /astro/cli-reference/astrocloud-dev-run 301
/cloud/cli-reference/astrocloud-dev-start /astro/cli-reference/astrocloud-dev-start 301
/cloud/cli-reference/astrocloud-dev-stop /astro/cli-reference/astrocloud-dev-stop 301
/cloud/cli-reference/astrocloud-dev-restart /astro/cli-reference/astrocloud-dev-restart 301
/cloud/cli-reference/astrocloud-version /astro/cli-reference/astrocloud-version 301
/cloud/cli-reference/astrocloud-workspace-list /astro/cli-reference/astrocloud-workspace-list 301
/cloud/cli-reference/astrocloud-workspace-switch /astro/cli-reference/astrocloud-workspace-switch 301

# Redirect to converged CLI docs
/install-cli /astro/install-cli 301
/astro/install-cli /astro/cli/install-cli 301
/astro/cli-reference /astro/cli/reference 301
/astro/cli-release-notes /astro/cli/release-notes 301
/software/cli-quickstart /software/install-cli 301
/software/cli-install-windows-10 /software/install-cli 301
/astro/cli-reference/astrocloud-auth-login /astro/cli/astro-login 301
/astro/cli-reference/astrocloud-auth-logout /astro/cli/astro-logout 301
/astro/cli-reference/astrocloud-completion /astro/cli/astro-completion 301
/astro/cli-reference/astrocloud-deploy /astro/cli/astro-deploy 301
/astro/cli-reference/astrocloud-deployment-list /astro/cli/astro-deployment-list 301
/astro/cli-reference/astrocloud-deployment-logs /astro/cli/astro-deployment-logs 301
/astro/cli-reference/astrocloud-deployment-update /astro/cli/astro-deployment-update 301
/astro/cli-reference/astrocloud-deployment-variable-create /astro/cli/astro-deployment-variable-create 301
/astro/cli-reference/astrocloud-deployment-variable-list /astro/cli/astro-deployment-variable-list 301
/astro/cli-reference/astrocloud-deployment-variable-update /astro/cli/astro-deployment-variable-update 301
/astro/cli-reference/astrocloud-dev-init /astro/cli/astro-dev-init 301
/astro/cli-reference/astrocloud-dev-kill /astro/cli/astro-dev-kill 301
/astro/cli-reference/astrocloud-dev-logs /astro/cli/astro-dev-logs 301
/astro/cli-reference/astrocloud-dev-parse /astro/cli/astro-dev-parse 301
/astro/cli-reference/astrocloud-dev-ps /astro/cli/astro-dev-ps 301
/astro/cli-reference/astrocloud-dev-pytest /astro/cli/astro-dev-pytest 301
/astro/cli-reference/astrocloud-dev-run /astro/cli/astro-dev-run 301
/astro/cli-reference/astrocloud-dev-start /astro/cli/astro-dev-start 301
/astro/cli-reference/astrocloud-dev-stop /astro/cli/astro-dev-stop 301
/astro/cli-reference/astrocloud-dev-restart /astro/cli/astro-dev-restart 301
/astro/cli-reference/astrocloud-version /astro/cli/astro-version 301
/astro/cli-reference/astrocloud-workspace-list /astro/cli/astro-workspace-list 301
/astro/cli-reference/astrocloud-workspace-switch /astro/cli/astro-workspace-switch 301
/astro/cli/get-started /astro/cli/install-cli 301
/astro/cli/astro-workspace /astro/cli/reference 301
/astro/cli/astro-organization /astro/cli/reference 301
/astro/cli/astro-user-invite /astro/cli/astro-organization-user-invite 301


# redirect enterprise paths to software
/enterprise /software 301
/enterprise/ac-cve /software/ac-cve 301
/enterprise/ac-support-policy /software/ac-support-policy 301
/enterprise/access-airflow-database /software/access-airflow-database 301
/enterprise/airflow-alerts /software/airflow-alerts 301
/enterprise/airflow-api /software/airflow-api 301
/enterprise/apply-platform-config /software/apply-platform-config 301
/enterprise/ci-cd /software/ci-cd 301
/enterprise/cli-install-windows-10 /software/cli-install-windows-10 301
/enterprise/cli-podman /software/cli-podman 301
/enterprise/cli-quickstart /software/install-cli 301
/enterprise/cli-reference /software/cli-reference 301
/enterprise/configure-deployment /software/configure-deployment 301
/enterprise/configure-platform-resources /software/configure-platform-resources 301
/enterprise/customize-image /software/customize-image 301
/enterprise/debug-install /software/debug-install 301
/enterprise/deploy-cli /software/deploy-cli 301
/enterprise/deploy-nfs /software/deploy-nfs 301
/enterprise/deploy-git-sync /software/deploy-git-sync 301
/enterprise/deployment-logs /software/deployment-logs 301
/enterprise/disaster-recovery /software/disaster-recovery 301
/enterprise/environment-variables /software/environment-variables 301
/enterprise/faq /software/faq 301
/enterprise/grafana-metrics /software/grafana-metrics 301
/enterprise/houston-api /software/houston-api 301
/enterprise/image-architecture /software/image-architecture 301
/enterprise/import-idp-groups /software/import-idp-groups 301
/enterprise/install-airgapped /software/install-airgapped 301
/enterprise/install-aws /software/install-aws 301
/enterprise/install-gcp /software/install-gcp 301
/enterprise/install-azure /software/install-azure 301
/enterprise/install-packages /software/install-packages 301
/enterprise/integrate-auth-system /software/integrate-auth-system 301
/enterprise/integrate-iam /software/integrate-iam 301
/enterprise/kibana-logging /software/kibana-logging 301
/enterprise/kubectl /software/kubectl 301
/enterprise/kubepodoperator-local /software/kubepodoperator-local 301
/enterprise/kubepodoperator /software/kubepodoperator 301
/enterprise/kubernetes-executor /software/kubernetes-executor 301
/enterprise/logs-to-s3 /software/logs-to-s3 301
/enterprise/manage-airflow-versions /software/manage-airflow-versions 301
/enterprise/manage-platform-users /software/manage-platform-users 301
/enterprise/manage-workspaces /software/manage-workspaces 301
/enterprise/overview /software 301
/enterprise/platform-alerts /software/platform-alerts 301
/enterprise/pre-create-namespaces /software/namespace-pools 301
/enterprise/quickstart /software/install-cli 301
/enterprise/registry-backend /software/registry-backend 301
/enterprise/release-lifecycle-policy /software/release-lifecycle-policy 301
/enterprise/release-notes /software/release-notes 301
/enterprise/renew-tls-cert /software/renew-tls-cert 301
/enterprise/secrets-backend /software/secrets-backend 301
/enterprise/single-node-install /software/single-node-install 301
/enterprise/support /software/support 301
/enterprise/system-components /software/system-components 301
/enterprise/third-party-ingress-controllers /software/third-party-ingress-controllers 301
/enterprise/upgrade-ac /software/upgrade-ac 301
/enterprise/upgrade-astronomer-stable /software/upgrade-astronomer-stable 301
/enterprise/version-compatibility-reference /software/version-compatibility-reference 301
/enterprise/workspace-permissions /software/workspace-permissions 301

# redirect Software upgrade docs

/software/upgrade-astronomer-stable /software/upgrade-astronomer 301
/software/0.28/upgrade-astronomer-stable /software/0.28/upgrade-astronomer 301
/software/0.27/upgrade-astronomer-stable /software/0.27/upgrade-astronomer 301
/software/0.26/upgrade-astronomer-stable /software/0.26/upgrade-astronomer 301
/software/0.25/upgrade-astronomer-patch /software/0.25/upgrade-astronomer 301
/software/upgrade-to-0-28 /software/upgrade-astronomer 301
/software/0.28/upgrade-to-0-28 /software/0.28/upgrade-astronomer 301
/software/0.27/upgrade-to-0-28 /software/0.27/upgrade-astronomer 301
/software/0.26/upgrade-to-0-28 /software/0.26/upgrade-astronomer 301
/software/0.25/upgrade-to-0-28 /software/0.25/upgrade-astronomer 301
/software/upgrade-to-0-25 /software/upgrade-astronomer 301
/software/0.25/upgrade-to-0-25 /software/0.25/upgrade-astronomer 301

# redirect links to renamed files
/astro/configure-worker-queues#worker-autoscaling-logic /astro/executors#celery-worker-autoscaling-logic 301
/astro/view-clusters /astro/modify-cluster#view-clusters 301
/astro/resource-reference-aws#worker-node-pools /astro/modify-cluster#about-worker-node-pools 301
/astro/resource-reference-azure#worker-node-pools /astro/modify-cluster#about-worker-node-pools 301
/astro/resource-reference-gcp#worker-node-pools /astro/modify-cluster#about-worker-node-pools 301
/astro/connect-aws#resolving-services /astro/connect-aws#hostname-resolution-options 301
/astro/configure-deployment /astro/configure-deployment-resources 301
/astro/scheduler-logs /astro/view-logs 301
/astro/cross-account-role-setup /astro/install-aws 301
/astro/cloud-ide/deploy-project.md#commit-your-project-to-github /astro/cloud-ide/deploy-project.md#commit-your-project-to-a-git-repository 301
/configure-executors /astro/executors 301
/astro/ci-cd /astro/ci-cd-templates/template-overview 301
/software/manage-platform-users#reference-system-permissions /software/role-permission-reference 301
/software/cli-podman /astro/cli/configure-cli#run-the-astro-cli-using-podman 301
/software/*/cli-podman /astro/cli/configure-cli#run-the-astro-cli-using-podman 301


# redirect links out in the wild (beyond our control)
/v2/* /astro 301

# temporary wildcard redirects for enterprise versioned docs
/enterprise/0.27/* /software/0.27/overview
/enterprise/0.26/* /software/0.26/overview
/enterprise/0.25/* /software/0.25/overview
/enterprise/0.23/* /software/0.23/overview
/enterprise/0.16/* /software/0.16/overview

# redirects for getting started restructure
/astro/create-project /astro/create-first-dag#step-1-create-an-astro-project 301

# redirect .rss to .xml
/astro-runtime-release-notes.rss /astro-runtime-release-notes.xml 301
/astro-cli-release-notes.rss /astro-cli-release-notes.xml 301
/astro-release-notes.rss /astro-release-notes.xml 301

# redirect for consolidated docs

/astro/manage-organization /astro/configure-idp
